<?xml version="1.0" encoding="UTF-8"?>
<project-private xmlns="http://www.netbeans.org/ns/project-private/1">
    <editor-bookmarks xmlns="http://www.netbeans.org/ns/editor-bookmarks/2" lastBookmarkId="0"/>
    <open-files xmlns="http://www.netbeans.org/ns/projectui-open-files/2">
        <group>
            <file>file:/C:/Users/sunny/Downloads/Employee-Management-System-master/Employee-Management-System-master/Employee-Management-System/src/staff/management/system/ViewStaff.java</file>
            <file>file:/C:/Users/sunny/Downloads/Employee-Management-System-master/Employee-Management-System-master/Employee-Management-System/src/staff/management/system/Login.java</file>
            <file>file:/C:/Users/sunny/Downloads/Employee-Management-System-master/Employee-Management-System-master/Employee-Management-System/src/staff/management/system/NotificationPage.java</file>
            <file>file:/C:/Users/sunny/Downloads/Employee-Management-System-master/Employee-Management-System-master/Employee-Management-System/src/staff/management/system/Home.java</file>
            <file>file:/C:/Users/sunny/Downloads/Employee-Management-System-master/Employee-Management-System-master/Employee-Management-System/src/staff/management/system/Splash.java</file>
            <file>file:/C:/Users/sunny/Downloads/Employee-Management-System-master/Employee-Management-System-master/Employee-Management-System/src/staff/management/system/AttendancePage.java</file>
            <file>file:/C:/Users/sunny/Downloads/Employee-Management-System-master/Employee-Management-System-master/Employee-Management-System/src/staff/management/system/RemoveStaff.java</file>
        </group>
    </open-files>
</project-private>
